债券代码_简称_申购代码,发行规模（亿元）,正股代码_简称,正股价_转股价,转股价值,债现价,转股溢价率,中签号发布日_中签率%,上市日期
128095_恩捷转债_072812,16,002812_恩捷股份,63.25_64.61,97.8950626837951,100,2.15019762845847%,2020-02-13_0.0121868644,-
128096_奥瑞转债_072701,10.868,002701_奥瑞金,4.54_4.7,96.5957446808511,100,3.52422907488983%,2020-02-13_0.0158999356,-
113563_柳药转债_754368,8.022,603368_柳药股份,34.77_34.94,99.5134516313681,100,0.48892723612306%,2020-01-20_0.00937384,-
128094_星帅转债_072860,2.8,002860_星帅尔,23.77_23.92,99.3729,117.111,17.85%,2020-01-20_0.002356652,2020-02-19
123042_银河转债_370619,1.6666,300619_金银河,25.58_24.46,104.5789,115.423,10.37%,2020-01-16_0.0042317747,2020-02-14
123041_东财转2_370059,73,300059_东方财富,16.0_15.78,101.3942,132,30.18%,2020-01-15_0.1320190507,2020-02-14
113031_博威转债_783137,12,601137_博威合金,12.87_11.49,112.0104,131.93,17.78%,2020-01-14_0.02172952,2020-02-17
127015_希望转债_070876,40,000876_新希望,21.96_19.78,111.0212,137.08,23.47%,2020-01-07_0.0492694631,2020-02-04
128093_百川转债_072455,5.2,002455_百川股份,5.76_6.0,96,120.19,25.2%,2020-01-07_0.0197982464,2020-01-21
123040_乐普转债_370003,7.5,300003_乐普医疗,34.17_32.39,105.4955,131.85,24.98%,2020-01-07_0.0264293581,2020-01-23
113562_璞泰转债_754659,8.7,603659_璞泰来,100.66_83.18,121.0147,144.27,19.22%,2020-01-06_0.00788472,2020-02-04
113561_正裕转债_754089,2.9,603089_正裕工业,13.2_14.21,92.8923,109.71,18.1%,2020-01-03_0.0114564,2020-02-10
128091_新天转债_072873,1.773,002873_新天药业,17.01_16.49,103.1534,115.281,11.76%,2020-01-02_0.0058986356,2020-01-17
128092_唐人转债_072567,12.428,002567_唐人神,8.29_8.86,93.5666,117,25.04%,2020-01-02_0.0414506941,2020-01-22
128090_汽模转2_072510,4.71,002510_天汽模,6.43_4.19,153.4606,143.166,-6.71%,2019-12-31_0.0170801557,2020-01-23
123039_开润转债_370577,2.23,300577_开润股份,36.09_33.34,108.2484,122.24,12.93%,2019-12-30_0.0083385095,2020-01-23
128089_麦米转债_072851,6.55,002851_麦格米特,26.13_20.31,128.6558,139.064,8.09%,2019-12-30_0.0160361895,2020-01-21
123038_联得转债_370545,2,300545_联得装备,42.55_25.39,167.5857,161.28,-3.76%,2019-12-27_0.0098203772,2020-01-22
113030_东风转债_783515,2.95328,601515_东风股份,6.21_6.9,90,114.89,27.66%,2019-12-26_0.01065442,2020-01-20
128088_深南转债_072916,15.2,002916_深南电路,223.1_149.25,149.4807,166.739,11.55%,2019-12-26_0.0641932526,2020-01-16
113559_永创转债_754901,5.1217,603901_永创智能,10.22_10.39,98.3638,115.48,17.4%,2019-12-25_0.01443387,2020-01-10
113558_日月转债_754218,12,603218_日月股份,20.46_19.68,103.9634,126.48,21.66%,2019-12-25_0.03228866,2020-01-14
110065_淮矿转债_733985,27.574,600985_淮北矿业,8.7_9.93,87.6133,114.54,30.73%,2019-12-25_0.01679922,2020-01-13
113556_至纯转债_754690,3.56,603690_至纯科技,44.71_29.47,151.7136,157.4,3.75%,2019-12-24_0.00686213,2020-01-09
110064_建工转债_733939,16.6,600939_重庆建工,4.19_4.65,90.1075,114.65,27.24%,2019-12-24_0.07110464,2020-01-16
113555_振德转债_754301,4.4,603301_振德医疗,35.35_20.04,176.3972,150.53,-14.66%,2019-12-23_0.00667714,2020-01-14
123037_新莱转债_370260,2.8,300260_新莱应材,13.86_11.18,123.9714,126.48,2.02%,2019-12-23_0.0133938179,2020-01-22
113557_森特转债_754098,6,603098_森特股份,9.54_10.26,92.9825,112.67,21.17%,2019-12-23_0.00506398,2020-01-10
128086_国轩转债_072074,18.5,002074_国轩高科,26.53_12.21,217.2809,183.81,-15.4%,2019-12-19_0.0183184434,2020-01-10
128087_孚日转债_072083,6.5,002083_孚日股份,6.55_6.39,102.5039,114.789,11.99%,2019-12-19_0.0229392014,2020-01-16
113029_明阳转债_783615,17,601615_明阳智能,11.76_12.66,92.891,119.24,28.37%,2019-12-18_0.04731255,2020-01-07
128084_木森转债_072745,26.600177,002745_木林森,14.17_12.95,109.4208,127.554,16.57%,2019-12-18_0.0236339824,2020-01-10
113554_仙鹤转债_754733,12.5,603733_仙鹤股份,15.61_13.67,114.1917,123.99,8.58%,2019-12-18_0.01089568,2020-01-10
128085_鸿达转债_072002,24.2678,002002_鸿达兴业,4.91_3.98,123.3668,126,2.13%,2019-12-18_0.030341606,2020-01-08
113553_金牌转债_754180,3.92,603180_金牌厨柜,63.93_62.69,101.978,120.98,18.63%,2019-12-17_0.00472987,2020-01-07
110063_鹰19转债_733567,18.6,600567_山鹰纸业,3.3_3.3,100,119.78,19.78%,2019-12-17_0.09184936,2020-01-03
128083_新北转债_072376,8.77,002376_新北洋,12.99_11.9,109.1597,129.101,18.27%,2019-12-16_0.0353480322,2019-12-31
123036_先导转债_370450,10,300450_先导智能,48.48_39.15,123.8314,152.073,22.81%,2019-12-13_0.0348628059,2020-01-10
128082_华锋转债_072806,3.524,002806_华锋股份,12.91_13.17,98.0258,111.497,13.74%,2019-12-06_0.0345513567,2020-01-06
110062_烽火转债_733498,30.8835,600498_烽火通信,25.78_25.99,99.192,127.85,28.89%,2019-12-04_0.01999166,2019-12-25
113552_克来转债_754960,1.8,603960_克来机电,36.9_27.86,132.448,139.65,5.44%,2019-12-04_0.00265767,2019-12-19
128081_海亮转债_072203,31.5,002203_海亮股份,9.3_9.83,94.6083,112.799,19.23%,2019-11-25_0.0225746796,2019-12-16
128080_顺丰转债_072352,58,002352_顺丰控股,47.49_40.41,117.5204,135.4,15.21%,2019-11-20_0.0180704915,2019-12-09
113550_常汽转债_754035,9.92424,603035_常熟汽饰,15.84_9.93,159.5166,152.77,-4.23%,2019-11-20_0.04359224,2019-12-12
113551_福特转债_754806,11,603806_福斯特,52.82_41.04,128.7037,144.35,12.16%,2019-11-20_0.00686193,2019-12-11
113549_白电转债_754861,8.8,603861_白云电器,7.83_8.99,87.0968,107.9,23.89%,2019-11-19_0.03340617,2019-12-11
123035_利德转债_370296,8,300296_利亚德,7.64_7.04,108.5227,136.1,25.41%,2019-11-18_0.0517293328,2019-12-09
110061_川投转债_733674,40,600674_川投能源,9.02_9.92,90.9274,118.15,29.94%,2019-11-13_0.01142416,2019-12-02
123034_通光转债_370265,2.97,300265_通光线缆,7.14_7.98,89.4737,107.43,20.07%,2019-11-06_0.0216651437,2019-11-28
123033_金力转债_370748,4.35,300748_金力永磁,36.49_41.2,88.568,117.148,32.27%,2019-11-05_0.0400169411,2019-11-25
113548_石英转债_754688,3.6,603688_石英股份,32.56_15.25,213.5082,193.19,-9.52%,2019-10-30_0.01816276,2019-11-22
110059_浦发转债_733000,500,600000_浦发银行,11.14_15.05,74.0199,107.46,45.18%,2019-10-30_0.3016799,2019-11-15
110060_天路转债_733326,10.86988,600326_西藏天路,6.85_7.24,94.6133,118.02,24.74%,2019-10-30_0.0190581,2019-11-28
127014_北方转债_070065,5.7821,000065_北方国际,7.85_8.84,88.8009,115.81,30.42%,2019-10-28_0.0237836701,2019-11-21
113547_索发转债_754612,9.45,603612_索通发展,12.56_10.67,117.7132,129.43,9.95%,2019-10-28_0.02272221,2019-11-22
113546_迪贝转债_754320,2.2993,603320_迪贝电气,16.58_18.45,89.8645,107.34,19.45%,2019-10-25_0.01479018,2019-11-21
128078_太极转债_072368,10,002368_太极股份,48.93_31.61,154.7928,165.611,6.99%,2019-10-23_0.0428787602,2019-11-08
128079_英联转债_072846,2.14,002846_英联股份,21.64_13.54,159.8227,140.4,-12.15%,2019-10-23_0.0146135185,2019-11-21
128077_华夏转债_072928,7.9,002928_华夏航空,12.41_10.52,117.9658,127.297,7.91%,2019-10-18_0.0202864341,2019-11-07
128076_金轮转债_072722,2.14,002722_金轮股份,13.53_14.96,90.4412,107.7,19.08%,2019-10-16_0.015673114,2019-11-08
113545_金能转债_754113,15,603113_金能科技,10.49_11.55,92.0175,113.24,23.06%,2019-10-16_0.03463477,2019-11-07
123032_万里转债_370591,1.8029,300591_万里马,5.61_6.92,81.0694,106.542,31.42%,2019-10-15_0.0246910339,2019-10-31
128075_远东转债_072406,8.937,002406_远东传动,5.54_5.79,95.6822,116.84,22.11%,2019-09-25_0.0162070033,2019-10-31
128074_游族转债_072174,11.5,002174_游族网络,28.68_17.06,168.1125,178.101,5.94%,2019-09-25_0.0934667289,2019-10-21
113544_桃李转债_754866,10,603866_桃李面包,38.07_47.54,80.0799,115,43.61%,2019-09-24_0.03136336,2019-10-15
123031_晶瑞转债_370655,1.85,300655_晶瑞股份,56.2_18.38,305.7671,261.502,-14.48%,2019-09-02_0.0454505144,2019-09-26
128073_哈尔转债_072615,3,002615_哈尔斯,5.04_5.8,86.8966,108.404,24.75%,2019-08-26_0.0383235944,2019-09-11
123030_九洲转债_370040,3.08,300040_九洲电气,5.59_5.7,98.0702,112.099,14.3%,2019-08-22_0.0412631796,2019-09-12
128072_翔鹭转债_072842,3.019223,002842_翔鹭钨业,11.06_15.36,72.0052,108.7,50.96%,2019-08-22_0.0311181951,2019-09-16
113543_欧派转债_754833,14.95,603833_欧派家居,116.64_101.46,114.9616,129,12.21%,2019-08-20_0.05584351,2019-09-04
128071_合兴转债_072228,5.9575,002228_合兴包装,3.76_4.38,85.8447,111.315,29.67%,2019-08-20_0.0859994534,2019-09-16
123029_英科转债_370677,4.7,300677_英科医疗,34.38_16.25,211.5692,200.1,-5.42%,2019-08-20_0.0396417806,2019-09-10
113542_好客转债_754898,6.3,603898_好莱客,15.2_16.62,91.4561,114.88,25.61%,2019-08-05_0.05555881,2019-08-23
113541_荣晟转债_754165,3.3,603165_荣晟环保,16.82_18.72,89.8504,107.94,20.13%,2019-07-25_0.06344458,2019-08-13
113540_南威转债_754636,6.6,603636_南威软件,15.48_10.13,152.8134,153.3,0.32%,2019-07-17_0.06389058,2019-08-05
113539_圣达转债_754079,2.99136,603079_圣达生物,51.59_28.78,179.2564,176.87,-1.33%,2019-07-05_0.03083319,2019-07-26
128070_智能转债_072877,2.3,002877_智能自控,7.95_9.55,83.2461,106.6,28.05%,2019-07-04_0.0250998849,2019-07-23
113538_安图转债_754658,6.82979,603658_安图生物,-_64.11,0,0,0%,2019-07-02_0.0347501,2019-07-22
128069_华森转债_072907,3,002907_华森制药,18.66_18.11,103.208,117,13.36%,2019-06-26_0.0185003047,2019-07-11
123028_清水转债_370437,4.9,300437_清水源,11.39_11.95,95.3138,113.235,18.8%,2019-06-21_0.0858156853,2019-07-15
113028_环境转债_783200,21.7,601200_上海环境,11.74_10.44,112.4521,129.25,14.94%,2019-06-20_0.03056044,2019-07-08
113027_华钰转债_783020,6.4,601020_华钰矿业,8.29_10.17,81.5143,106.92,31.17%,2019-06-18_0.07222537,2019-07-10
123027_蓝晓转债_370487,3.4,300487_蓝晓科技,40.37_29.59,136.4773,137.261,0.57%,2019-06-13_0.0223459237,2019-07-04
113537_文灿转债_754348,8,603348_文灿股份,25.54_19.93,128.1485,134.87,5.25%,2019-06-12_0.10303528,2019-07-05
123026_中环转债_370692,2.9,300692_中环环保,12.74_12.31,103.4931,115.68,11.78%,2019-06-12_0.0540608706,2019-07-01
128068_和而转债_072402,5.47,002402_和而泰,18.04_9.09,198.2417,0,-34.91%,2019-06-06_0.0829312091,2019-07-01
113536_三星转债_754578,1.91565,603578_三星新材,22.6_19.75,114.4304,120.99,5.73%,2019-06-04_0.03050946,2019-06-24
113535_大业转债_754278,5,603278_大业股份,8.27_12.56,65.8439,102.7,55.97%,2019-05-13_0.03462721,2019-06-03
128067_一心转债_072727,6.026392,002727_一心堂,22.68_27.28,83.1378,115.6,39.05%,2019-04-23_0.0087007808,2019-05-17
128066_亚泰转债_072811,4.8,002811_亚泰国际,13.82_17.49,93.3784,110.459,18.29%,2019-04-19_0.0085050847,2019-05-14
110058_永鼎转债_733105,9.8,600105_永鼎股份,4.18_6.5,81.9608,106.63,30.1%,2019-04-18_0.01438125,2019-05-08
128065_雅化转债_072497,8,002497_雅化集团,10.8_8.98,120.5357,131.8,9.35%,2019-04-18_0.0631187872,2019-05-10
127013_创维转债_070810,10.4,000810_创维数字,14.95_11.56,130.1131,144.75,11.25%,2019-04-17_0.026057449886,2019-05-16
113026_核能转债_783985,78,601985_中国核电,4.77_6.32,76.9355,107.96,40.33%,2019-04-17_0.03094856,2019-05-08
113025_明泰转债_783677,18.3911,601677_明泰铝业,11.56_11.49,102.3009,119.62,16.93%,2019-04-12_0.03045862,2019-05-07
113534_鼎胜转债_754876,12.54,603876_鼎胜新材,15.47_20.8,101.2435,118.17,16.72%,2019-04-11_0.02076471,2019-04-30
128064_司尔转债_072538,8,002538_司尔特,4.89_6.25,79.5122,106.93,34.48%,2019-04-10_0.020366952600000002,2019-05-07
113024_核建转债_783611,29.9625,601611_中国核建,6.52_9.93,66.0588,107,61.98%,2019-04-10_0.01990481,2019-04-26
113533_参林转债_754233,10,603233_大参林,-_48.05,0,0,0%,2019-04-08_0.05458181,2019-04-24
128063_未来转债_072631,6.3,002631_德尔未来,8.42_8.74,97.1165,115.94,19.38%,2019-04-08_0.0153655871,2019-04-24
128062_亚药转债_072370,9.65,002370_亚太药业,7.17_16.3,44.1231,91.723,107.88%,2019-04-04_0.0288420421,2019-04-24
113532_海环转债_754817,4.6,603817_海峡环保,6.2_7.8,80,107.81,34.76%,2019-04-04_0.01665937,2019-04-24
110057_现代转债_733420,16.1594,600420_现代制药,9.77_10.09,97.7978,118.19,20.85%,2019-04-03_0.0356851,2019-04-30
123025_精测转债_370567,3.75,300567_精测电子,74.95_75.88,149.1542,155.123,4%,2019-04-02_0.0208437619,2019-04-19
113531_百姓转债_754883,3.27,603883_老百姓,70.33_60.59,117.0411,135.4,15.69%,2019-04-02_0.03312251,2019-04-22
128061_启明转债_072439,10.45,002439_启明星辰,44.25_28.33,156.4157,155.921,-0.32%,2019-03-29_0.0139363649,2019-04-24
113530_大丰转债_754081,6.3,603081_大丰实业,13.59_16.88,81.0859,112.15,38.31%,2019-03-29_0.0213012,2019-04-18
128060_中装转债_072822,5.25,002822_中装建设,10.69_6.24,172.6979,0,-3.53%,2019-03-28_0.0508826699,2019-04-15
127012_招路转债_071965,50,001965_招商公路,7.55_9.34,83.0583,113.5,36.65%,2019-03-26_0.0700271066,2019-04-30
123024_岱勒转债_370700,2.1,300700_岱勒新材,17.57_24.9,70.5622,102.711,45.56%,2019-03-25_0.01616346,2019-04-17
123023_迪森转债_370335,6,300335_迪森股份,5.21_7.39,72.4618,103.62,43%,2019-03-22_0.0215641366,2019-04-16
110056_亨通转债_733487,17.33,600487_亨通光电,16.45_21.79,104.9107,123,17.24%,2019-03-22_0.01806322,2019-04-16
110054_通威转债_733438,50,600438_通威股份,19.35_12.44,157.5733,157.9,0.21%,2019-03-20_0.01109199,2019-04-10
123022_长信转债_370088,12.3,300088_长信科技,13.2_6.38,211.2,220.24,4.28%,2019-03-20_0.010725538,2019-04-10
110055_伊力转债_733197,8.76,600197_伊力特,14.31_17.6,82.9565,112.3,35.37%,2019-03-19_0.01811719,2019-04-04
110053_苏银转债_733919,200,600919_江苏银行,6.62_7.9,87.5661,115.37,31.75%,2019-03-18_0.03898776,2019-04-03
113022_浙商转债_783878,35,601878_浙商证券,10.81_12.53,86.7576,118.52,36.61%,2019-03-14_0.01731003,2019-03-28
113529_绝味转债_754517,10,603517_绝味食品,-_40.52,0,0,0%,2019-03-13_0.00599035,2019-04-02
128059_视源转债_072841,9.418304,002841_视源股份,89.06_76.25,117.6175,139.165,18.32%,2019-03-13_0.0200147652,2019-04-02
127011_中鼎转2_070887,12,000887_中鼎股份,10.14_11.99,86.0051,117.404,36.51%,2019-03-12_0.0083065079,2019-04-04
128058_拓邦转债_072139,5.73,002139_拓邦股份,6.21_5.64,112.0939,130.2,16.15%,2019-03-11_0.0621462404,2019-04-08
110052_贵广转债_733996,16,600996_贵广网络,9.1_8.13,113.1841,124.33,9.85%,2019-03-07_0.01210083,2019-03-29
128057_博彦转债_072649,5.758152,002649_博彦科技,11.76_8.9,133.4847,136.1,1.96%,2019-03-07_0.0511156998,2019-04-02
113021_中信转债_783998,400,601998_中信银行,5.64_7.45,78.1163,110.98,42.07%,2019-03-06_0.01819129,2019-03-19
123021_万信转2_370168,12,300168_万达信息,20.57_13.62,151.25,154.09,1.88%,2019-03-06_0.017068646,2019-03-25
113528_长城转债_754897,6.34,603897_长城科技,17.65_24.18,73.4499,104.25,41.93%,2019-03-05_0.03760017,2019-03-20
123020_富祥转债_370497,4.2,300497_富祥股份,20.53_18.05,137.5084,138.888,1%,2019-03-05_0.0411827809,2019-03-29
110051_中天转债_733522,39.6512,600522_中天科技,8.31_10.29,81.5505,111.95,37.28%,2019-03-04_0.01953615,2019-03-22
128056_今飞转债_072863,3.68,002863_今飞凯达,5.09_6.8,75.0737,103,37.2%,2019-03-04_0.0818663601,2019-03-22
128055_长青转2_072391,9.138,002391_长青股份,9.86_11.41,133.0634,134.3,0.93%,2019-03-01_0.0268435724,2019-04-03
123019_中来转债_370393,10,300393_中来股份,19.08_20.41,143.5666,142.451,-0.78%,2019-02-27_0.0614795007,2019-03-22
128054_中宠转债_072891,1.9424,002891_中宠股份,24.84_37.97,111.4901,123.65,10.91%,2019-02-19_0.1276370237,2019-03-14
128053_尚荣转债_072551,7.5,002551_尚荣医疗,6.34_4.94,129.6523,133.06,2.63%,2019-02-18_0.5200326348,2019-03-07
113527_维格转债_754518,7.46,603518_锦泓集团,7.15_14.96,67.9658,99.63,46.59%,2019-01-28_0.39536999,2019-02-19
113526_联泰转债_754797,3.9,603797_联泰环保,10.97_12.31,125.8028,132.35,5.2%,2019-01-25_0.14607472,2019-02-18
127010_平银转债_070001,260,000001_平安银行,-_11.77,0,0,0%,2019-01-23_0.0449482568,2019-02-18
127009_冰轮转债_070811,5.0913,000811_冰轮环境,-_5.52,0,0,0%,2019-01-16_0.141276623856,2019-02-21
128052_凯龙转债_072783,3.288548,002783_凯龙股份,11.71_6.97,172.969,179.3,3.66%,2018-12-25_1.4421909747,2019-01-21
123018_溢利转债_370381,6.649677,300381_溢多利,11.47_8.41,137.3653,137,-0.27%,2018-12-24_1.273181088165809,2019-01-23
110050_佳都转债_733728,8.74723,600728_佳都科技,10.4_7.95,131.8124,135.84,3.06%,2018-12-21_2.35026973,2019-01-21
110049_海尔转债_733690,30.0749,600690_海尔智家,-_14.55,0,0,0%,2018-12-20_0.03930317,2019-01-18
113525_台华转债_754055,5.33,603055_台华新材,6.27_11.56,77.312,109.25,41.31%,2018-12-19_0.42144701,2019-01-11
113524_奇精转债_754677,3.3,603677_奇精机械,11.62_14.76,79.8077,107,34.07%,2018-12-18_0.57410425,2019-01-07
128051_光华转债_072741,2.493,002741_光华科技,14.98_17.03,117.7673,131.8,11.92%,2018-12-18_0.4370698959,2019-01-09
128050_钧达转债_072865,3.2,002865_钧达股份,13.53_21.74,62.4654,103.52,65.72%,2018-12-12_0.8560442402,2018-12-27
113523_伟明转债_754568,6.7,603568_伟明环保,-_23.92,0,0,0%,2018-12-12_0.34843949,2018-12-26
110048_福能转债_733483,28.3,600483_福能股份,8.24_8.69,97.1698,119.4,22.88%,2018-12-11_0.19595459,2018-12-28
128049_华源转债_072787,4,002787_华源控股,7.31_7.58,97.2074,112.27,15.5%,2018-11-29_0.952148336,2018-12-20
113522_旭升转债_754305,4.2,603305_旭升股份,54.7_29.86,184.7973,183.49,-0.71%,2018-11-26_0.317543,2018-12-11
110047_山鹰转债_733567,23,600567_山鹰纸业,0.0_3.34,98.8024,120.17,21.63%,2018-11-23_0.49667669,2018-12-10
110046_圆通转债_733233,36.5,600233_圆通速递,14.96_10.89,139.4222,139.98,0.4%,2018-11-22_0.20843998,2018-12-18
123017_寒锐转债_370618,4.4,300618_寒锐钴业,80.5_81.49,140.0244,145,3.55%,2018-11-22_0.3721591008,2018-12-24
113020_桐昆转债_783233,38,601233_桐昆股份,13.87_12.63,110.8713,126.7,14.28%,2018-11-21_0.19196912,2018-12-12
127008_特发转债_070070,4.194,000070_特发信息,10.97_6.78,195.5437,198.707,1.62%,2018-11-20_0.1570434480410932,2018-12-25
113521_科森转债_754626,6.1,603626_科森科技,13.37_8.95,153.6782,153.82,0.09%,2018-11-20_0.32887409,2018-12-07
128048_张行转债_072839,25,002839_张家港行,5.45_6.06,92.2166,115.15,24.87%,2018-11-14_0.3569710111,2018-11-29
113520_百合转债_754313,5.1,603313_梦百合,27.0_19.03,189.0756,189.57,0.26%,2018-11-12_0.20363829,2018-11-26
113519_长久转债_754569,7,603569_长久物流,9.73_11.99,82.1097,115.61,40.8%,2018-11-09_0.4128490065,2018-11-30
123016_洲明转债_370232,5.480346,300232_洲明科技,12.6_9.45,161.1253,159.5,-1.01%,2018-11-09_0.3063894918,2018-12-03
128047_光电转债_072179,13,002179_中航光电,-_40.26,0,0,0%,2018-11-07_0.0717898426,2018-12-07
128046_利尔转债_072258,8.52,002258_利尔化学,14.79_18.82,79.4307,116.595,46.79%,2018-10-19_0.1526309869641621,2018-11-09
113518_顾家转债_754816,10.9731,603816_顾家家居,42.65_52.38,116.6256,130.01,11.48%,2018-09-14_0.7513857,2018-10-09
128045_机电转债_072013,21,002013_中航机电,8.15_7.66,106.8152,127.57,19.43%,2018-08-29_0.1194692841,2018-09-14
128044_岭南转债_072717,6.6,002717_岭南股份,5.7_10.7,96.2838,119.7,24.32%,2018-08-16_0.8721686997,2018-09-04
123015_蓝盾转债_370297,5.38,300297_蓝盾股份,5.67_7.89,97.9275,117.804,20.3%,2018-08-15_0.8605921050987683,2018-09-13
113517_曙光转债_754019,11.2,603019_中科曙光,49.82_51.28,136.381,149.51,9.63%,2018-08-08_1.93242237,2018-08-23
113516_苏农转债_754323,25,603323_苏农银行,4.75_6.34,83.7743,111.69,33.32%,2018-08-06_0.50867203,2018-08-20
128043_东音转债_072793,2.8132,002793_东音股份,14.52_13.47,221.6794,221.65,-0.01%,2018-08-06_0.2131737173,2018-08-27
128042_凯中转债_072823,4.16,002823_凯中精密,13.32_13.25,102.3828,124.789,21.88%,2018-08-01_0.1981213289,2018-09-03
123014_凯发转债_370407,3.498948,300407_凯发电气,8.22_8.15,100.9828,116.503,15.37%,2018-07-31_0.4544232201,2018-08-21
113515_高能转债_754588,8.4,603588_高能环境,11.91_9.38,127.6527,136.01,6.55%,2018-07-30_0.33663516,2018-08-27
123013_横河转债_370539,1.4,300539_横河模具,7.01_9.26,76.0304,106.14,39.6%,2018-07-30_0.1497632298,2018-08-20
113514_威帝转债_754023,2,603023_威帝股份,4.54_5.92,93.6082,111.16,18.75%,2018-07-24_0.28316098,2018-08-13
123012_万顺转债_370057,9.5,300057_万顺新材,5.64_6.47,105.2239,122.533,16.45%,2018-07-24_1.7253346677,2018-08-29
123011_德尔转债_370473,5.647066,300473_德尔股份,30.28_35.26,87.363,111.16,27.24%,2018-07-20_0.3253360078,2018-08-14
128041_盛路转债_072446,10,002446_盛路通信,8.52_6.88,124.3796,132.726,6.71%,2018-07-19_0.6087166663,2018-08-14
110045_海澜转债_733398,30,600398_海澜之家,7.11_12.4,59.1514,102.76,73.72%,2018-07-17_1.01983687,2018-07-31
113513_安井转债_754345,5,603345_安井食品,-_35.46,0,0,0%,2018-07-16_0.11499054,2018-07-31
113512_景旺转债_754228,9.78,603228_景旺电子,-_50.01,0,0,0%,2018-07-10_0.2089026,2018-07-24
123010_博世转债_370422,4.3,300422_博世科,12.36_14.3,99.8384,118.999,19.19%,2018-07-09_0.31546365,2018-08-14
127007_湖广转债_070665,17.33592,000665_湖北广电,7.08_10.16,126.2032,127.3,0.87%,2018-07-02_0.6055935,2018-08-01
110044_广电转债_733831,8,600831_广电网络,10.41_6.91,150.8696,150,-0.58%,2018-06-29_0.33996425,2018-07-24
113511_千禾转债_754027,3.56,603027_千禾味业,22.02_25.86,120.2622,130.3,8.35%,2018-06-22_0.14273811,2018-07-10
113510_再升转债_754601,1.14,603601_再升科技,10.38_11.32,120.8382,129.73,7.36%,2018-06-21_0.06305227,2018-07-13
128040_华通转债_072758,2.24,002758_华通医药,10.48_11.45,92.1724,113,22.6%,2018-06-19_0.0430924584,2018-07-13
128039_三力转债_072224,6.2,002224_三力士,7.5_7.38,128.6449,129.289,0.5%,2018-06-12_0.1334178334,2018-06-29
113509_新泉转债_754179,4.5,603179_新泉股份,23.51_25.34,124.4574,140.06,12.54%,2018-06-06_0.03063662,2018-06-22
113508_新凤转债_754225,21.53,603225_新凤鸣,11.31_23.74,71.0874,108.18,52.18%,2018-05-02_0.23361055,2018-05-16
113507_天马转债_754668,3.05,603668_天马科技,-_11.04,0,0,0%,2018-04-19_0.0297476,2018-05-07
113506_鼎信转债_754421,6,603421_鼎信通讯,-_21.86,0,0,0%,2018-04-18_0.0720467,2018-05-14
128038_利欧转债_072131,21.975475,002131_利欧股份,3.8_2.76,220.9302,220.6,-0.15%,2018-03-26_0.2701763885,2018-04-19
128037_岩土转债_072542,6.0366,002542_中化岩土,3.87_8.05,48.3146,103.996,115.25%,2018-03-19_0.0901341006,2018-04-25
127006_敖东转债_070623,24.13,000623_吉林敖东,16.49_21.12,79.9709,112.28,40.4%,2018-03-15_0.1237646368,2018-05-11
127005_长证转债_070783,50,000783_长江证券,6.8_7.6,91.5209,118.901,29.92%,2018-03-14_0.1239858672,2018-04-11
128036_金农转债_072548,6.5,002548_金新农,8.82_9.72,91.684,117.8,28.48%,2018-03-13_0.0497315872,2018-04-02
123009_星源转债_370568,4.8,300568_星源材质,41.03_27.99,154.0165,152.716,-0.84%,2018-03-09_0.040900838,2018-04-10
113505_杭电转债_754618,7.8,603618_杭电股份,5.14_7.29,70.9945,104.68,47.45%,2018-03-08_0.08433624,2018-03-27
113504_艾华转债_754989,6.91,603989_艾华集团,29.21_36.59,136.3042,144,5.65%,2018-03-06_0.02186045,2018-03-23
113019_玲珑转债_783966,20,601966_玲珑轮胎,23.99_19.1,129.3261,138.35,6.98%,2018-03-05_0.2118095,2018-03-22
128035_大族转债_072008,23,002008_大族激光,40.6_52.7,77.6291,120.3,54.97%,2018-02-08_0.1958289975,2018-03-05
123008_康泰转债_370601,3.56,300601_康泰生物,-_47.01,0,0,0%,2018-02-05_0.0258361808,2018-03-19
110043_无锡转债_733908,30,600908_无锡银行,5.19_8.9,79.6012,109.63,37.72%,2018-02-01_0.18813428,2018-03-14
128034_江银转债_072807,20,002807_江阴银行,4.29_9.16,91.6667,112.35,22.56%,2018-01-30_0.1388860765,2018-02-14
113018_常熟转债_783128,30,601128_常熟银行,-_7.61,0,0,0%,2018-01-23_0.19235421,2018-02-06
123007_道氏转债_370409,4.8,300409_道氏技术,15.28_45.21,101.5282,120.3,18.49%,2018-01-02_0.0718270362,2018-01-26
113017_吉视转债_783929,15.6,601929_吉视传媒,2.09_2.98,70.8475,104.91,48.08%,2017-12-29_0.39953747,2018-01-15
128033_迪龙转债_072658,5.2,002658_雪迪龙,6.61_13.35,74.0202,106,43.2%,2017-12-29_0.0386994433,2018-01-29
128032_双环转债_072472,10,002472_双环传动,5.33_10.07,53.6757,103.29,92.43%,2017-12-27_0.0824623999,2018-01-25
110042_航电转债_733372,24,600372_中航电子,15.19_14.29,107.1227,124.92,16.61%,2017-12-27_0.19683703,2018-01-15
128030_天康转债_072100,10,002100_天康生物,12.95_8.25,160.8696,172.6,7.29%,2017-12-26_0.061818344,2018-01-29
110041_蒙电转债_733863,18.7522,600863_内蒙华电,2.6_2.95,92.1986,115.6,25.38%,2017-12-26_0.26659535,2018-01-09
128029_太阳转债_072078,12,002078_太阳纸业,9.31_8.85,107.6301,133.566,24.1%,2017-12-26_0.0430740717,2018-01-16
128028_赣锋转债_072460,9.28,002460_赣锋锂业,59.5_71.89,140.7285,157.025,11.58%,2017-12-25_0.0612867536,2018-01-19
123006_东财转债_370059,46.5,300059_东方财富,-_13.69,0,0,0%,2017-12-22_0.4036125764,2018-01-29
123005_万信转债_370168,9,300168_万达信息,-_13.11,0,0,0%,2017-12-21_0.0806532888,2018-01-30
123004_铁汉转债_370197,11,300197_铁汉生态,2.72_12.39,68.3417,102.4,49.84%,2017-12-20_0.0594310767,2018-01-26
113503_泰晶转债_754738,2.15,603738_泰晶科技,33.66_25.41,188.0447,201.5,7.16%,2017-12-19_0.00934887,2018-01-02
128027_崇达转债_072815,8,002815_崇达技术,-_30.93,0,0,0%,2017-12-19_0.0186920436,2018-01-22
128026_众兴转债_072772,9.2,002772_众兴菌业,7.07_11.74,61.2652,99.093,61.74%,2017-12-15_0.0562980296,2018-01-03
123003_蓝思转债_370433,48,300433_蓝思科技,-_36.59,0,0,0%,2017-12-12_0.330406672,2018-01-17
128025_特一转债_072728,3.54,002728_特一药业,16.75_20.2,108.4142,117.218,8.12%,2017-12-08_0.0053821036,2017-12-28
128024_宁行转债_072142,100,002142_宁波银行,-_18.45,0,0,0%,2017-12-07_0.0522117418,2018-01-12
128023_亚太转债_072284,10,002284_亚太股份,4.93_10.44,47.6789,100.019,109.78%,2017-12-06_0.0245376003,2017-12-26
128022_众信转债_072707,7,002707_众信旅游,5.7_11.12,72.0607,108.379,50.4%,2017-12-05_0.0033737505,2017-12-28
128021_兄弟转债_072562,7,002562_兄弟科技,5.71_18.17,108.7619,128.4,18.06%,2017-11-30_0.0013344475,2017-12-27
110040_生益转债_733183,18,600183_生益科技,-_17.34,0,0,0%,2017-11-28_0.00565852,2017-12-11
123002_国祯转债_370388,5.97,300388_国祯环保,11.16_21.04,129.7674,136.211,4.97%,2017-11-28_0.0038855802,2017-12-25
110039_宝信转债_733845,16,600845_宝信软件,-_18.46,0,0,0%,2017-11-21_0.00788728,2017-12-05
128020_水晶转债_072273,11.8,002273_水晶光电,-_29.9,0,0,0%,2017-11-21_0.0044256667,2017-12-12
110038_济川转债_733566,8.4316,600566_济川药业,24.75_41.04,63.7722,118.01,85.05%,2017-11-15_0.01157125,2017-11-29
113502_嘉澳转债_754822,1.85,603822_嘉澳环保,25.46_45.48,56.5275,103.19,82.55%,2017-11-14_0.00137415,2017-11-27
128019_久立转2_072318,10.4,002318_久立特材,9.07_8.37,114.5202,127.694,11.5%,2017-11-10_0.0050797097,2017-12-01
113016_小康转债_783127,15,601127_小康股份,9.63_23.0,56.25,100.86,79.31%,2017-11-08_0.00291446,2017-11-21
128018_时达转债_072527,8.825057,002527_新时达,6.31_11.9,84.698,114.004,34.6%,2017-11-08_0.0040705857,2017-12-04
113015_隆基转债_783012,28,601012_隆基股份,-_32.35,0,0,0%,2017-11-06_0.00908429,2017-11-20
128017_金禾转债_072597,6,002597_金禾实业,23.74_23.92,103.3972,125.881,21.75%,2017-11-03_0.001272845,2017-11-27
113014_林洋转债_783222,30,601222_林洋能源,5.45_8.8,63.4459,108.77,71.44%,2017-10-31_0.00294586,2017-11-13
128016_雨虹转债_072271,18.4,002271_东方雨虹,29.46_38.48,131.5179,146,11.01%,2017-09-27_0.0013187948,2017-10-20
113013_国君转债_783211,70,601211_国泰君安,17.81_20.2,91.8041,123.63,34.67%,2017-07-13_0.0809703908,2017-07-24
128015_久其转债_072279,7.8,002279_久其软件,7.73_12.97,81.5401,113.27,38.91%,2017-06-14_2.3814174467,2017-06-27
127004_模塑转债_070700,8.1366,000700_模塑科技,14.6_8.0,192.3584,198.69,3.29%,2017-06-08_0.508641,2017-06-26
128014_永东转债_072753,3.4,002753_永东股份,7.18_30.77,56.8038,104.04,83.16%,2017-04-21_1.322866,2017-05-12
113012_骆驼转债_783311,7.17,601311_骆驼股份,10.03_16.78,75.4703,112,48.4%,2017-03-30_0.15814823,2017-04-13
113011_光大转债_783818,300,601818_光大银行,3.92_4.36,98.7406,121.76,23.31%,2017-03-23_0.4999251,2017-04-05
128013_洪涛转债_072325,12,002325_洪涛股份,3.21_10.28,40.125,100.965,151.63%,2016-08-04_0.35024,2016-08-23
127003_海印转债_070861,11.11,000861_海印股份,2.17_5.26,72.093,105.4,46.2%,2016-06-16_0.099788,2016-07-01
128012_辉丰转债_072496,8.45,002496_辉丰股份,2.69_29.7,34.8898,99.09,184.01%,2016-04-27_0.9877089047,2016-05-17
113010_江南转债_783199,7.6,601199_江南水务,-_19.0,0,0,0%,2016-03-24_0.11007853,2016-04-05
128011_汽模转债_072510,4.2,002510_天汽模,-_11.63,0,0,0%,2016-03-08_0.2163201617,2016-03-24
110035_白云转债_733004,35,600004_白云机场,-_12.88,0,0,0%,2016-03-03_0.08414922,2016-03-15
128010_顺昌转债_072245,5.1,002245_澳洋顺昌,5.15_9.44,55.6156,111.52,100.52%,2016-01-28_0.637541,2016-02-23
113009_广汽转债_783238,41.0558,601238_广汽集团,11.13_21.99,77.238,116.59,50.95%,2016-01-28_0.24689559,2016-02-04
110034_九州转债_733998,15,600998_九州通,16.29_18.78,88.9192,117.32,31.94%,2016-01-21_0.10112394,2016-01-29
110033_国贸转债_733755,28,600755_厦门国贸,6.94_9.03,93.531,115.6,23.6%,2016-01-11_0.1081244,2016-01-19
110032_三一转债_733031,45,600031_三一重工,-_7.5,0,0,0%,2016-01-08_0.36890926,2016-01-18
123001_蓝标转债_370058,14,300058_蓝色光标,-_15.3,0,0,0%,2015-12-24_0.058213,2016-01-08
110031_航信转债_733271,24,600271_航天信息,23.46_86.61,107.6641,129.01,19.83%,2015-06-18_0.0322132,2015-06-30
113008_电气转债_783727,60,601727_上海电气,4.73_10.72,92.2027,113.99,23.63%,2015-02-06_0.28416309847,2015-02-16
110030_格力转债_733185,9.8,600185_格力地产,-_20.9,0,0,0%,2014-12-31_0.2847346,2015-01-13
128009_歌尔转债_072241,25,002241_歌尔股份,-_26.43,0,0,0%,2014-12-18_0.119658,2014-12-26
113501_洛钼转债_754993,49,603993_洛阳钼业,-_8.78,0,0,0%,2014-12-08_0.32164493,2014-12-16
110029_浙能转债_733023,100,600023_浙能电力,-_5.66,0,0,0%,2014-10-17_0.86151118,2014-10-28
128008_齐峰转债_072521,7.6,002521_齐峰新材,-_10.2,0,0,0%,2014-09-19_0.219432,2014-10-10
113007_吉视转债_783929,17,601929_吉视传媒,-_12.08,0,0,0%,2014-09-12_0.16027924,2014-09-25
128007_通鼎转债_072491,6,002491_通鼎互联,-_17.5,0,0,0%,2014-08-21_0.221326,2014-09-05
110028_冠城转债_733067,18,600067_冠城大通,-_6.2,0,0,0%,2014-07-24_0.63246803,2014-08-01
110027_东方转债_733875,40,600875_东方电气,-_12.0,0,0,0%,2014-07-16_1.27810498,2014-07-25
128006_长青转债_072391,6.3176,002391_长青股份,-_13.48,0,0,0%,2014-06-26_1.958002,2014-07-09
110025_国金转债_733109,25,600109_国金证券,-_19.97,0,0,0%,2014-05-20_1.13354136,2014-06-03
128005_齐翔转债_072408,12.4,002408_齐翔腾达,-_14.34,0,0,0%,2014-04-24_0.380908,2014-05-13
128004_久立转债_072318,4.87,002318_久立特材,-_19.96,0,0,0%,2014-03-03_2.7896911976,2014-03-14
113006_深燃转债_783139,16,601139_深圳燃气,-_8.46,0,0,0%,2013-12-19_0.58749396,2013-12-27
113005_平安转债_783318,260,601318_中国平安,-_41.33,0,0,0%,2013-11-28_3.41767462,2013-12-09
127002_徐工转债_070425,25,000425_徐工机械,-_8.46,0,0,0%,2013-10-31_3.048575,2013-11-15
110024_隧道转债_733820,26,600820_隧道股份,-_9.71,0,0,0%,2013-09-23_0.99924365,2013-09-30
128003_华天转债_072185,4.61,002185_华天科技,-_9.79,0,0,0%,2013-08-16_1.6848595662,2013-08-28
128002_东华转债_072065,10,002065_东华软件,-_23.7,0,0,0%,2013-08-01_0.067268,2013-08-19
110023_民生转债_733016,200,600016_民生银行,-_10.23,0,0,0%,2013-03-21_0.36815827,2013-03-29
128001_泰尔转债_072347,3.2,002347_泰尔股份,-_15.34,0,0,0%,2013-01-15_2.3282201555,2013-01-28
127001_海直转债_070099,6.5,000099_中信海直,-_7.1,0,0,0%,2012-12-25_0.823505,2013-01-07
110022_同仁转债_733085,12.05,600085_同仁堂,-_17.72,0,0,0%,2012-12-10_0.77846936,2012-12-18
110020_南山转债_733219,60,600219_南山铝业,-_6.92,0,0,0%,2012-10-22_0.80618459,2012-10-31
113003_重工转债_783989,80.5015,601989_中国重工,-_6.05,0,0,0%,2012-06-08_0.45930473,2012-06-18
110019_恒丰转债_733356,4.5,600356_恒丰纸业,-_6.88,0,0,0%,2012-03-29_0.4167605664,2012-04-12
110018_国电转债_733795,55,600795_国电电力,-_2.67,0,0,0%,2011-08-25_1.08876067,2011-09-02
110017_中海转债_733026,39.5,600026_中远海能,-_8.7,0,0,0%,2011-08-05_0.32775285,2011-08-12
129031_巨轮转2_072031,3.5,002031_巨轮智能,-_8.09,0,0,0%,2011-07-25_0.421413,2011-08-04
125089_深机转债_070089,20,000089_深圳机场,-_5.66,0,0,0%,2011-07-21_1.340502,2011-08-10
110016_川投转债_733674,21,600674_川投能源,-_17.3,0,0,0%,2011-03-25_0.56076747,2011-03-31
110015_石化转债_733028,230,600028_中国石化,-_9.73,0,0,0%,2011-03-01_0.5915442,2011-03-07
125887_中鼎转债_070887,3,000887_中鼎股份,-_25.31,0,0,0%,2011-02-17_0.22361624,2011-03-01
110013_国投转债_733886,34,600886_国投电力,-_7.29,0,0,0%,2011-01-31_0.23933947,2011-02-15
110012_海运转债_733798,7.2,600798_宁波海运,-_4.58,0,0,0%,2011-01-13_0.21219168,2011-01-20
110011_歌华转债_733037,16,600037_歌华有线,-_15.09,0,0,0%,2010-12-01_0.4762043,2010-12-10
126729_燕京转债_070729,11.3,000729_燕京啤酒,-_21.86,0,0,0%,2010-10-21_0.0761902683,2010-11-03
113002_工行转债_783398,250,601398_工商银行,-_4.2,0,0,0%,2010-09-06_0.82312741,2010-09-10
128233_塔牌转债_072233,6.3,002233_塔牌集团,-_13.31,0,0,0%,2010-09-01_0.221529,2010-09-16
126630_铜陵转债_070630,20,000630_铜陵有色,-_15.68,0,0,0%,2010-07-21_0.57551,2010-08-06
113001_中行转债_783988,400,601988_中国银行,-_4.02,0,0,0%,2010-06-08_1.89149048,2010-06-18
125731_美丰转债_070731,6.5,000731_四川美丰,-_7.36,0,0,0%,2010-06-08_1.1667376,2010-06-25
110009_双良转债_733481,7.2,600481_双良节能,-_21.11,0,0,0%,2010-05-10_0.38672931,2010-05-14
110008_王府转债_733859,8.21,600859_王府井,-_33.56,0,0,0%,2009-10-23_0.13724713,2009-10-30
110007_博汇转债_733966,9.75,600966_博汇纸业,-_10.34,0,0,0%,2009-09-29_0.10594958,2009-10-16
125969_安泰转债_070969,7.5,000969_安泰科技,-_22.3,0,0,0%,2009-09-22_0.17619513,2009-10-12
110006_龙盛转债_733352,12.5,600352_浙江龙盛,-_8.9,0,0,0%,2009-09-18_0.17260478,2009-09-25
110005_西洋转债_733558,2.65,600558_大西洋,-_14.55,0,0,0%,2009-09-09_0.16046928,2009-09-21
110004_厦工转债_733815,6,600815_*ST厦工,-_7.5,0,0,0%,2009-09-03_0.12831172,2009-09-11
126019_09长虹债_733839,30,600839_四川长虹,-_-,0,0,0%,2009-08-06_0.2691616,2009-08-19
126018_08江铜债_733362,68,600362_江西铜业,-_-,0,0,0%,2008-09-26_1.2104992,2008-10-10
110003_新钢转债_733782,27.6,600782_新钢股份,-_8.22,0,0,0%,2008-08-27_0.7864831,2008-09-05
126017_08葛洲债_733068,13.9,600068_葛洲坝,-_-,0,0,0%,2008-07-02_0.25012235,2008-07-11
126016_08宝钢债_733019,100,600019_宝钢股份,-_-,0,0,0%,2008-06-26_0.61040733,2008-07-04
126015_08康美债_733518,9,600518_ST康美,-_-,0,0,0%,2008-05-14_0.58759344,2008-05-26
126014_08国电债_733795,39.95,600795_国电电力,-_-,0,0,0%,2008-05-13_0.51227909,2008-05-22
110002_南山转债_733219,28,600219_南山铝业,-_16.89,0,0,0%,2008-04-24_2.00746423,2008-05-13
125528_柳工转债_070528,8,000528_柳工,-_26.87,0,0,0%,2008-04-24_0.3948258283,2008-05-06
126013_08青啤债_733600,15,600600_青岛啤酒,-_-,0,0,0%,2008-04-09_0.30119216,2008-04-18
110368_五洲转债_733368,5.4,600368_五洲交通,-_10.07,0,0,0%,2008-03-06_0.20140144,2008-03-14
126012_08上港债_733018,24.5,600018_上港集团,-_-,0,0,0%,2008-02-26_0.37946159,2008-03-07
126011_08石化债_733028,300,600028_中国石化,-_-,0,0,0%,2008-02-26_1.3146638,2008-03-04
115003_中兴债1_070063,40,000063_中兴通讯,-_-,0,0,0%,2008-02-05_1.88975433,2008-02-22
126009_08赣粤债_733269,12,600269_赣粤高速,-_-,0,0,0%,2008-02-01_1.56138382,2008-02-28
126010_08中远债_733428,10.5,600428_中远海特,-_-,0,0,0%,2008-02-01_0.84985151,2008-02-26
125572_海马转债_070572,8.2,000572_*ST海马,-_18.33,0,0,0%,2008-01-22_0.4120096696,2008-01-30
126008_08上汽债_733104,63,600104_上汽集团,-_-,0,0,0%,2007-12-25_0.50512098,2008-01-08
110598_大荒转债_733598,15,600598_北大荒,-_14.05,0,0,0%,2007-12-25_0.53437573,2007-12-28
125709_唐钢转债_070709,30,000709_河钢股份,-_20.8,0,0,0%,2007-12-20_1.2342188236,2007-12-28
126007_07日照债_733017,8.8,600017_日照港,-_-,0,0,0%,2007-12-03_0.70535556,2007-12-12
110227_赤化转债_733227,4.5,600227_圣济堂,-_24.93,0,0,0%,2007-10-16_0.15885419,2007-10-23
126006_07深高债_733548,15,600548_深高速,-_-,0,0,0%,2007-10-15_0.29030449,2007-10-30
110971_恒源转债_733971,4,600971_恒源煤电,-_50.88,0,0,0%,2007-09-28_5.31177382,2007-10-12
110567_山鹰转债_733567,4.7,600567_山鹰纸业,-_7.31,0,0,0%,2007-09-11_0.49639122,2007-09-17
110026_中海转债_733026,20,600026_中远海能,-_25.31,0,0,0%,2007-07-06_1.33345287,2007-07-12
